{
  "project_info": {
    "project_number": "208766882365",
    "firebase_url": "https://decisive-fold-252415.firebaseio.com",
    "project_id": "decisive-fold-252415",
    "storage_bucket": "decisive-fold-252415.appspot.com"
  },
  "client": [
    {
      "client_info": {
        "mobilesdk_app_id": "1:208766882365:android:da4278c9d8611d4e8e5054",
        "android_client_info": {
          "package_name": "com.example.quickjob"
        }
      },
      "oauth_client": [
        {
          "client_id": "208766882365-dipdu733njfdjpcljv4uqgd7hnap2kts.apps.googleusercontent.com",
          "client_type": 3
        }
      ],
      "api_key": [
        {
          "current_key": "AIzaSyBV6tt8oK2hBpj2P4B2ygdLlK57kLcblM8"
        }
      ],
      "services": {
        "appinvite_service": {
          "other_platform_oauth_client": [
            {
              "client_id": "208766882365-dipdu733njfdjpcljv4uqgd7hnap2kts.apps.googleusercontent.com",
              "client_type": 3
            }
          ]
        }
      }
    }
  ],
  "configuration_version": "1"
}